{
    "L": 20,
    "g": 0.0,
    "E_exact": -20.000000000000007,
    "E_vmc_real": -20.0,
    "Var_E": 0.0,
    "Mean_Two_Point_Correlation": 0.9999990234375,
    "Var_Two_Point_Correlation": 1.9531154632568358e-07,
    "Exact_Two_Point_Correlation": 1.0000000000000004,
    "Exact_Two_Point_Correlation_Variance": -5.684341886080802e-16,
    "rel_error": 3.5527136788004996e-16
}