{
    "L": 12,
    "g": 0.98,
    "E_exact": -15.171677586153061,
    "E_vmc_real": -15.17177737946302,
    "Var_E": 0.0001104824453685993,
    "Mean_Two_Point_Correlation": 0.49977783203125004,
    "Var_Two_Point_Correlation": 0.2358793994261159,
    "Exact_Two_Point_Correlation": 0.4974509832653529,
    "Exact_Two_Point_Correlation_Variance": 0.23734441889450597,
    "rel_error": 6.577605501567224e-06
}