{
    "L": 12,
    "g": 2.0,
    "E_exact": -25.52513830204807,
    "E_vmc_real": -25.5240704404423,
    "Var_E": 0.001786075261111505,
    "Mean_Two_Point_Correlation": 0.007513020833333334,
    "Var_Two_Point_Correlation": 0.19274791649712458,
    "Exact_Two_Point_Correlation": 0.007487996769623892,
    "Exact_Two_Point_Correlation_Variance": 0.19283452727461659,
    "rel_error": 4.183568344008543e-05
}