{
    "L": 12,
    "g": 1.22,
    "E_exact": -17.238313411768733,
    "E_vmc_real": -17.23842340603005,
    "Var_E": 3.1274774669486225e-05,
    "Mean_Two_Point_Correlation": 0.16076009114583334,
    "Var_Two_Point_Correlation": 0.26642453076839445,
    "Exact_Two_Point_Correlation": 0.16162132900163362,
    "Exact_Two_Point_Correlation_Variance": 0.2663232426980688,
    "rel_error": 6.380801804174915e-06
}