{
    "L": 12,
    "g": 0.984,
    "E_exact": -15.201489312699032,
    "E_vmc_real": -15.20162891192094,
    "Var_E": 8.920213325294931e-05,
    "Mean_Two_Point_Correlation": 0.4904890950520833,
    "Var_Two_Point_Correlation": 0.23946846195790508,
    "Exact_Two_Point_Correlation": 0.4901708457793312,
    "Exact_Two_Point_Correlation_Variance": 0.2398602910026315,
    "rel_error": 9.183259550221032e-06
}