{
    "L": 12,
    "g": 1.3399999999999999,
    "E_exact": -18.415637375870762,
    "E_vmc_real": -18.415263051906656,
    "Var_E": 0.0004218906432319308,
    "Mean_Two_Point_Correlation": 0.09053466796875,
    "Var_Two_Point_Correlation": 0.24475513405203816,
    "Exact_Two_Point_Correlation": 0.09029575538397515,
    "Exact_Two_Point_Correlation_Variance": 0.2452803474104671,
    "rel_error": 2.0326419144012007e-05
}