{
    "L": 12,
    "g": 0.6799999999999999,
    "E_exact": -13.434279991760995,
    "E_vmc_real": -13.43453099712613,
    "Var_E": 9.646896219761404e-05,
    "Mean_Two_Point_Correlation": 0.8542057291666666,
    "Var_Two_Point_Correlation": 0.058495007154676655,
    "Exact_Two_Point_Correlation": 0.8539831646378496,
    "Exact_Two_Point_Correlation_Variance": 0.05831671156168353,
    "rel_error": 1.8683946239656847e-05
}