{
    "L": 20,
    "g": 0.17999999999999994,
    "E_exact": -20.16233074137909,
    "E_vmc_real": -20.162310837646547,
    "Var_E": 6.014629927704586e-06,
    "Mean_Two_Point_Correlation": 0.9918129882812501,
    "Var_Two_Point_Correlation": 0.0016465470578670499,
    "Exact_Two_Point_Correlation": 0.9917996824906907,
    "Exact_Two_Point_Correlation_Variance": 0.0016536245369944424,
    "rel_error": 9.871741912340353e-07
}