{
    "L": 12,
    "g": 0.986,
    "E_exact": -15.216465255250293,
    "E_vmc_real": -15.21648908810469,
    "Var_E": 0.00010859630098987296,
    "Mean_Two_Point_Correlation": 0.48719482421875004,
    "Var_Two_Point_Correlation": 0.24080499448710016,
    "Exact_Two_Point_Correlation": 0.4865285072462982,
    "Exact_Two_Point_Correlation_Variance": 0.24109134156205295,
    "rel_error": 1.566254317133923e-06
}