{
    "L": 20,
    "g": 2.0,
    "E_exact": -42.54177661383872,
    "E_vmc_real": -42.541961254697526,
    "Var_E": 0.004295273259727469,
    "Mean_Two_Point_Correlation": 0.00053515625,
    "Var_Two_Point_Correlation": 0.11569502610778809,
    "Exact_Two_Point_Correlation": 0.00036707848503789647,
    "Exact_Two_Point_Correlation_Variance": 0.11572936860362536,
    "rel_error": 4.340224445281703e-06
}