{
    "L": 20,
    "g": 1.014,
    "E_exact": -25.67159675597884,
    "E_vmc_real": -25.67175147080593,
    "Var_E": 0.00020041294723880933,
    "Mean_Two_Point_Correlation": 0.366158203125,
    "Var_Two_Point_Correlation": 0.20815063122177122,
    "Exact_Two_Point_Correlation": 0.36802888336955153,
    "Exact_Two_Point_Correlation_Variance": 0.2072985960298302,
    "rel_error": 6.026692790511433e-06
}