{
    "L": 12,
    "g": 1.76,
    "E_exact": -22.862414733573033,
    "E_vmc_real": -22.862155017454644,
    "Var_E": 0.0028091107088314246,
    "Mean_Two_Point_Correlation": 0.016512858072916668,
    "Var_Two_Point_Correlation": 0.20277664192451372,
    "Exact_Two_Point_Correlation": 0.016455775628889516,
    "Exact_Two_Point_Correlation_Variance": 0.20308953053131154,
    "rel_error": 1.1359960066155018e-05
}