{
    "L": 20,
    "g": 1.48,
    "E_exact": -33.08839435739867,
    "E_vmc_real": -33.088642203854974,
    "Var_E": 0.0005485455943627781,
    "Mean_Two_Point_Correlation": 0.0062231445312500005,
    "Var_Two_Point_Correlation": 0.13682875294089317,
    "Exact_Two_Point_Correlation": 0.007993621816852006,
    "Exact_Two_Point_Correlation_Variance": 0.13677322096962471,
    "rel_error": 7.490434671050361e-06
}