{
    "L": 16,
    "g": 1.74,
    "E_exact": -30.190861680039447,
    "E_vmc_real": -30.190909767115663,
    "Var_E": 0.0011300545816594796,
    "Mean_Two_Point_Correlation": 0.0053631591796875,
    "Var_Two_Point_Correlation": 0.1533386986818165,
    "Exact_Two_Point_Correlation": 0.00509971813812598,
    "Exact_Two_Point_Correlation_Variance": 0.15335582122758953,
    "rel_error": 1.592769253348473e-06
}