{
    "L": 16,
    "g": 0.968,
    "E_exact": -20.086784577146723,
    "E_vmc_real": -20.08659621766175,
    "Var_E": 0.00035904524023029123,
    "Mean_Two_Point_Correlation": 0.5012554931640625,
    "Var_Two_Point_Correlation": 0.19905985562168063,
    "Exact_Two_Point_Correlation": 0.5020508977692102,
    "Exact_Two_Point_Correlation_Variance": 0.1984920784033472,
    "rel_error": 9.377284067021816e-06
}