{
    "L": 12,
    "g": 1.58,
    "E_exact": -20.912847383333123,
    "E_vmc_real": -20.9126258332748,
    "Var_E": 0.0005950777721677922,
    "Mean_Two_Point_Correlation": 0.030879720052083334,
    "Var_Two_Point_Correlation": 0.21597813776797717,
    "Exact_Two_Point_Correlation": 0.032162282120641476,
    "Exact_Two_Point_Correlation_Variance": 0.21567740310500938,
    "rel_error": 1.0593969069013311e-05
}