{
    "L": 16,
    "g": 1.1600000000000001,
    "E_exact": -22.22110847294644,
    "E_vmc_real": -22.221191217401646,
    "Var_E": 0.00012993452266926307,
    "Mean_Two_Point_Correlation": 0.149840087890625,
    "Var_Two_Point_Correlation": 0.2265994617328048,
    "Exact_Two_Point_Correlation": 0.149664610885533,
    "Exact_Two_Point_Correlation_Variance": 0.22763966880868414,
    "rel_error": 3.7236871106848673e-06
}