{
    "L": 20,
    "g": 1.46,
    "E_exact": -32.73976108414015,
    "E_vmc_real": -32.73943834438294,
    "Var_E": 0.0005786552685473915,
    "Mean_Two_Point_Correlation": 0.010682128906250001,
    "Var_Two_Point_Correlation": 0.13855786477828025,
    "Exact_Two_Point_Correlation": 0.009203834072386749,
    "Exact_Two_Point_Correlation_Variance": 0.13844855681615809,
    "rel_error": 9.85773098281162e-06
}