{
    "L": 12,
    "g": 1.74,
    "E_exact": -22.64344341401653,
    "E_vmc_real": -22.643778646570865,
    "Var_E": 0.0010026968280099115,
    "Mean_Two_Point_Correlation": 0.01653564453125,
    "Var_Two_Point_Correlation": 0.20413439581063061,
    "Exact_Two_Point_Correlation": 0.017661725351792477,
    "Exact_Two_Point_Correlation_Variance": 0.20422328497729667,
    "rel_error": 1.4804839891407148e-05
}