{
    "L": 12,
    "g": 0.8599999999999999,
    "E_exact": -14.36471933605454,
    "E_vmc_real": -14.364771731725705,
    "Var_E": 0.00016997781564085247,
    "Mean_Two_Point_Correlation": 0.6916796875000001,
    "Var_Two_Point_Correlation": 0.14769520382351345,
    "Exact_Two_Point_Correlation": 0.6926078175834824,
    "Exact_Two_Point_Correlation_Variance": 0.1465306437039614,
    "rel_error": 3.6475248795024184e-06
}