{
    "L": 12,
    "g": 0.96,
    "E_exact": -15.025442575852333,
    "E_vmc_real": -15.025427035819739,
    "Var_E": 0.0001380708303502929,
    "Mean_Two_Point_Correlation": 0.5343953450520834,
    "Var_Two_Point_Correlation": 0.22305578402347034,
    "Exact_Two_Point_Correlation": 0.5336004764920678,
    "Exact_Two_Point_Correlation_Variance": 0.22378834248295032,
    "rel_error": 1.034247910876804e-06
}