{
    "L": 20,
    "g": 1.06,
    "E_exact": -26.2939911241094,
    "E_vmc_real": -26.29381568877114,
    "Var_E": 0.00015157527220437895,
    "Mean_Two_Point_Correlation": 0.254974609375,
    "Var_Two_Point_Correlation": 0.2158135345115662,
    "Exact_Two_Point_Correlation": 0.2545324287769469,
    "Exact_Two_Point_Correlation_Variance": 0.21602486822468225,
    "rel_error": 6.672069577877209e-06
}