{
    "L": 20,
    "g": 1.044,
    "E_exact": -26.072710775815292,
    "E_vmc_real": -26.072784497740532,
    "Var_E": 0.00017148645165002342,
    "Mean_Two_Point_Correlation": 0.2897802734375,
    "Var_Two_Point_Correlation": 0.2155990728139878,
    "Exact_Two_Point_Correlation": 0.29130668216281724,
    "Exact_Two_Point_Correlation_Variance": 0.21548275372060297,
    "rel_error": 2.8275512229593636e-06
}