{
    "L": 12,
    "g": 0.982,
    "E_exact": -15.186560058455328,
    "E_vmc_real": -15.186698307398721,
    "Var_E": 9.893778598567295e-05,
    "Mean_Two_Point_Correlation": 0.4971728515625,
    "Var_Two_Point_Correlation": 0.23696520601643456,
    "Exact_Two_Point_Correlation": 0.4938118784383005,
    "Exact_Two_Point_Correlation_Variance": 0.2386112023327935,
    "rel_error": 9.103374487804198e-06
}