{
    "L": 12,
    "g": 0.97,
    "E_exact": -15.097969851796346,
    "E_vmc_real": -15.098050733404087,
    "Var_E": 0.00011880763053829885,
    "Mean_Two_Point_Correlation": 0.5144254557291666,
    "Var_Two_Point_Correlation": 0.23140594702561698,
    "Exact_Two_Point_Correlation": 0.5155959099816125,
    "Exact_Two_Point_Correlation_Variance": 0.23075805031216623,
    "rel_error": 5.357118111518873e-06
}