{
    "L": 16,
    "g": 1.018,
    "E_exact": -20.590917030739668,
    "E_vmc_real": -20.591153308186186,
    "Var_E": 0.0004168504256770807,
    "Mean_Two_Point_Correlation": 0.38987121582031253,
    "Var_Two_Point_Correlation": 0.22892038746736945,
    "Exact_Two_Point_Correlation": 0.38835509268320983,
    "Exact_Two_Point_Correlation_Variance": 0.22939678238031222,
    "rel_error": 1.1474838452585504e-05
}