{
    "L": 16,
    "g": 1.42,
    "E_exact": -25.638407915814927,
    "E_vmc_real": -25.638443811546747,
    "Var_E": 0.0004327608691408941,
    "Mean_Two_Point_Correlation": 0.0265606689453125,
    "Var_Two_Point_Correlation": 0.17695032310150566,
    "Exact_Two_Point_Correlation": 0.027443069366022275,
    "Exact_Two_Point_Correlation_Variance": 0.1772420049508209,
    "rel_error": 1.4000764765776605e-06
}