{
    "L": 16,
    "g": 0.978,
    "E_exact": -20.184227292860953,
    "E_vmc_real": -20.184140697623512,
    "Var_E": 0.0004045246263675521,
    "Mean_Two_Point_Correlation": 0.480211181640625,
    "Var_Two_Point_Correlation": 0.20375696223825215,
    "Exact_Two_Point_Correlation": 0.47948840291665845,
    "Exact_Two_Point_Correlation_Variance": 0.20602382222208832,
    "rel_error": 4.290242880477926e-06
}