{
    "L": 12,
    "g": 0.8,
    "E_exact": -14.021144494312765,
    "E_vmc_real": -14.021146121618221,
    "Var_E": 0.00021152857734029948,
    "Mean_Two_Point_Correlation": 0.76098876953125,
    "Var_Two_Point_Correlation": 0.10865027016467518,
    "Exact_Two_Point_Correlation": 0.7622303045747483,
    "Exact_Two_Point_Correlation_Variance": 0.10736707202376107,
    "rel_error": 1.160608149547679e-07
}