{
    "L": 16,
    "g": 1.01,
    "E_exact": -20.507449008245917,
    "E_vmc_real": -20.507036826562107,
    "Var_E": 0.0003789099705074773,
    "Mean_Two_Point_Correlation": 0.40593872070312503,
    "Var_Two_Point_Correlation": 0.22512800063937902,
    "Exact_Two_Point_Correlation": 0.4063947547538746,
    "Exact_Two_Point_Correlation_Variance": 0.22571617607911992,
    "rel_error": 2.009912025841634e-05
}