{
    "L": 12,
    "g": 0.956,
    "E_exact": -14.996763546877252,
    "E_vmc_real": -14.996622139362385,
    "Var_E": 0.0001192314339091129,
    "Mean_Two_Point_Correlation": 0.5412060546875,
    "Var_Two_Point_Correlation": 0.22074943518903523,
    "Exact_Two_Point_Correlation": 0.5407462759188411,
    "Exact_Two_Point_Correlation_Variance": 0.22090556958677818,
    "rel_error": 9.429202135870061e-06
}