{
    "L": 12,
    "g": 1.12,
    "E_exact": -16.317393502641963,
    "E_vmc_real": -16.317392638286112,
    "Var_E": 3.91774146360788e-05,
    "Mean_Two_Point_Correlation": 0.26622395833333334,
    "Var_Two_Point_Correlation": 0.2774565097384982,
    "Exact_Two_Point_Correlation": 0.2669368351272268,
    "Exact_Two_Point_Correlation_Variance": 0.2778849651237897,
    "rel_error": 5.297144122642309e-08
}