{
    "L": 12,
    "g": 1.042,
    "E_exact": -15.654209829582877,
    "E_vmc_real": -15.654239211286622,
    "Var_E": 5.5616883245837245e-05,
    "Mean_Two_Point_Correlation": 0.3887158203125,
    "Var_Two_Point_Correlation": 0.2666566299623913,
    "Exact_Two_Point_Correlation": 0.38645535916961166,
    "Exact_Two_Point_Correlation_Variance": 0.26732406529793906,
    "rel_error": 1.8769202703564198e-06
}