{
    "L": 12,
    "g": 0.8200000000000001,
    "E_exact": -14.131607827693534,
    "E_vmc_real": -14.131645901251904,
    "Var_E": 0.00015222764661690846,
    "Mean_Two_Point_Correlation": 0.7418546549479167,
    "Var_Two_Point_Correlation": 0.11916474601891307,
    "Exact_Two_Point_Correlation": 0.7411864467731423,
    "Exact_Two_Point_Correlation_Variance": 0.11926556140677835,
    "rel_error": 2.694212777079191e-06
}