{
    "L": 12,
    "g": 0.5999999999999999,
    "E_exact": -13.10716494491875,
    "E_vmc_real": -13.107124692021172,
    "Var_E": 0.00011261214672416479,
    "Mean_Two_Point_Correlation": 0.8938736979166667,
    "Var_Two_Point_Correlation": 0.03990854047139486,
    "Exact_Two_Point_Correlation": 0.8938702808486804,
    "Exact_Two_Point_Correlation_Variance": 0.039961164907745546,
    "rel_error": 3.0710605800609278e-06
}