{
    "L": 16,
    "g": 1.042,
    "E_exact": -20.847438644744734,
    "E_vmc_real": -20.847236325695544,
    "Var_E": 0.00033481203919478943,
    "Mean_Two_Point_Correlation": 0.335499267578125,
    "Var_Two_Point_Correlation": 0.23851049291938545,
    "Exact_Two_Point_Correlation": 0.33607176076596784,
    "Exact_Two_Point_Correlation_Variance": 0.2372533667483825,
    "rel_error": 9.70474371639112e-06
}