{
    "L": 12,
    "g": 0.17999999999999994,
    "E_exact": -12.097398445019211,
    "E_vmc_real": -12.097430098465283,
    "Var_E": 5.810238132510336e-07,
    "Mean_Two_Point_Correlation": 0.9917431640625001,
    "Var_Two_Point_Correlation": 0.0027855572991900973,
    "Exact_Two_Point_Correlation": 0.9917996821416083,
    "Exact_Two_Point_Correlation_Variance": 0.0027560413006073345,
    "rel_error": 2.616549848805513e-06
}