{
    "L": 12,
    "g": 0.26,
    "E_exact": -12.20367172153183,
    "E_vmc_real": -12.203648123592973,
    "Var_E": 3.4114806360993933e-06,
    "Mean_Two_Point_Correlation": 0.9828857421875,
    "Var_Two_Point_Correlation": 0.00580519245730506,
    "Exact_Two_Point_Correlation": 0.9826538355532826,
    "Exact_Two_Point_Correlation_Variance": 0.005884171376260146,
    "rel_error": 1.9336753228683437e-06
}