{
    "L": 12,
    "g": 0.966,
    "E_exact": -15.068816899546423,
    "E_vmc_real": -15.068884849750976,
    "Var_E": 0.00012344787484531853,
    "Mean_Two_Point_Correlation": 0.5216088867187499,
    "Var_Two_Point_Correlation": 0.22909848570227614,
    "Exact_Two_Point_Correlation": 0.5228188063683422,
    "Exact_Two_Point_Correlation_Variance": 0.22801314721092877,
    "rel_error": 4.509325782231999e-06
}