method,diag_shift,learning_rate,avg_energy
SRt,0.001,0.01,16.685714952150363
SRt,0.001,0.005,21.838099103831713
SRt,0.001,0.001,27.99205638512903
SRt,0.0001,0.01,36.7681307831068
SRt,0.0001,0.005,39.76309458325162
SRt,0.0001,0.001,40.16859851370448
SRt,1e-05,0.01,42.04176012870994
SRt,1e-05,0.005,33.82840033736658
SRt,1e-05,0.001,41.073172261204306
