{
    "L": 12,
    "g": 0.94,
    "E_exact": -14.883948026322873,
    "E_vmc_real": -14.883968714393703,
    "Var_E": 0.00015277997832301783,
    "Mean_Two_Point_Correlation": 0.5699397786458333,
    "Var_Two_Point_Correlation": 0.20821009836991627,
    "Exact_Two_Point_Correlation": 0.5688963143162669,
    "Exact_Two_Point_Correlation_Variance": 0.20893000551764254,
    "rel_error": 1.3899585508622923e-06
}