{
    "L": 16,
    "g": 1.048,
    "E_exact": -20.91295297295586,
    "E_vmc_real": -20.913163366809954,
    "Var_E": 0.00031021056506849764,
    "Mean_Two_Point_Correlation": 0.3227178955078125,
    "Var_Two_Point_Correlation": 0.23878330518268048,
    "Exact_Two_Point_Correlation": 0.32357873536778303,
    "Exact_Two_Point_Correlation_Variance": 0.23849231919779207,
    "rel_error": 1.0060456520198697e-05
}