{
    "L": 12,
    "g": 1.6400000000000001,
    "E_exact": -21.557030481841437,
    "E_vmc_real": -21.556712254379818,
    "Var_E": 0.0009101305278361395,
    "Mean_Two_Point_Correlation": 0.024002278645833333,
    "Var_Two_Point_Correlation": 0.2108176623211967,
    "Exact_Two_Point_Correlation": 0.025499432155168703,
    "Exact_Two_Point_Correlation_Variance": 0.21081823038883613,
    "rel_error": 1.476211957335297e-05
}