{
    "L": 16,
    "g": 0.6599999999999999,
    "E_exact": -17.79627809761887,
    "E_vmc_real": -17.796373919625985,
    "Var_E": 0.00011483028591499845,
    "Mean_Two_Point_Correlation": 0.8658184814453125,
    "Var_Two_Point_Correlation": 0.03926109766624868,
    "Exact_Two_Point_Correlation": 0.8664307674104856,
    "Exact_Two_Point_Correlation_Variance": 0.03883042993806918,
    "rel_error": 5.384384678029802e-06
}