{
    "L": 12,
    "g": 1.24,
    "E_exact": -17.42987388812398,
    "E_vmc_real": -17.429885265209595,
    "Var_E": 5.22953332889915e-05,
    "Mean_Two_Point_Correlation": 0.14724853515625,
    "Var_Two_Point_Correlation": 0.26250325300892197,
    "Exact_Two_Point_Correlation": 0.14630419969005795,
    "Exact_Two_Point_Correlation_Variance": 0.2628170444736073,
    "rel_error": 6.52734821246579e-07
}