{
    "L": 20,
    "g": 1.4,
    "E_exact": -31.7039219644673,
    "E_vmc_real": -31.704061218696005,
    "Var_E": 0.0005469684766023235,
    "Mean_Two_Point_Correlation": 0.014439453125000001,
    "Var_Two_Point_Correlation": 0.14443896313095095,
    "Exact_Two_Point_Correlation": 0.014237755409638208,
    "Exact_Two_Point_Correlation_Variance": 0.1443340562679902,
    "rel_error": 4.3923344519486185e-06
}