{
    "L": 12,
    "g": 1.7,
    "E_exact": -22.20712050080612,
    "E_vmc_real": -22.207490776191843,
    "Var_E": 0.001072573532380073,
    "Mean_Two_Point_Correlation": 0.019811197916666665,
    "Var_Two_Point_Correlation": 0.20602353206210666,
    "Exact_Two_Point_Correlation": 0.020399388483563183,
    "Exact_Two_Point_Correlation_Variance": 0.20666394234615226,
    "rel_error": 1.6673723444238375e-05
}