{
    "L": 20,
    "g": 1.2,
    "E_exact": -28.394759996679134,
    "E_vmc_real": -28.394494308056892,
    "Var_E": 0.0005517961744662081,
    "Mean_Two_Point_Correlation": 0.07108203125,
    "Var_Two_Point_Correlation": 0.18027761827087402,
    "Exact_Two_Point_Correlation": 0.07216282644405882,
    "Exact_Two_Point_Correlation_Variance": 0.1801850285342735,
    "rel_error": 9.356959603588643e-06
}