{
    "L": 12,
    "g": 1.28,
    "E_exact": -17.818985063793026,
    "E_vmc_real": -17.818956120694054,
    "Var_E": 3.977611644975252e-05,
    "Mean_Two_Point_Correlation": 0.12052408854166667,
    "Var_Two_Point_Correlation": 0.25577342324786717,
    "Exact_Two_Point_Correlation": 0.12021356384356997,
    "Exact_Two_Point_Correlation_Variance": 0.25563182063508944,
    "rel_error": 1.6242843724322787e-06
}