{
    "L": 20,
    "g": 1.92,
    "E_exact": -41.051680140544505,
    "E_vmc_real": -41.052439365703606,
    "Var_E": 0.00428004008109532,
    "Mean_Two_Point_Correlation": 0.00053125,
    "Var_Two_Point_Correlation": 0.11762530371093749,
    "Exact_Two_Point_Correlation": 0.0005556561580977319,
    "Exact_Two_Point_Correlation_Variance": 0.11745672740881549,
    "rel_error": 1.849437481002894e-05
}