{
    "L": 12,
    "g": 0.6199999999999999,
    "E_exact": -13.184504920582212,
    "E_vmc_real": -13.184644051408611,
    "Var_E": 9.395770317951495e-05,
    "Mean_Two_Point_Correlation": 0.8850244140625,
    "Var_Two_Point_Correlation": 0.044012602485550785,
    "Exact_Two_Point_Correlation": 0.8849668145734348,
    "Exact_Two_Point_Correlation_Variance": 0.043867314679957005,
    "rel_error": 1.0552601499824602e-05
}