{
    "L": 12,
    "g": 0.56,
    "E_exact": -12.96103155439418,
    "E_vmc_real": -12.960870492371033,
    "Var_E": 5.678197658491745e-05,
    "Mean_Two_Point_Correlation": 0.9097029622395834,
    "Var_Two_Point_Correlation": 0.03326381693349944,
    "Exact_Two_Point_Correlation": 0.9099646904407311,
    "Exact_Two_Point_Correlation_Variance": 0.033166567005725116,
    "rel_error": 1.2426636141719887e-05
}