{
    "L": 12,
    "g": 0.5800000000000001,
    "E_exact": -13.0326894555016,
    "E_vmc_real": -13.03268576192102,
    "Var_E": 3.606851966069498e-05,
    "Mean_Two_Point_Correlation": 0.9020597330729166,
    "Var_Two_Point_Correlation": 0.03651474621494611,
    "Exact_Two_Point_Correlation": 0.9021842241215969,
    "Exact_Two_Point_Correlation_Variance": 0.0364096286618123,
    "rel_error": 2.8340893056300724e-07
}