{
    "L": 20,
    "g": 1.1,
    "E_exact": -26.866918277498854,
    "E_vmc_real": -26.866864723756592,
    "Var_E": 0.000122576420910129,
    "Mean_Two_Point_Correlation": 0.17768603515625,
    "Var_Two_Point_Correlation": 0.20911527056670187,
    "Exact_Two_Point_Correlation": 0.17836820591951957,
    "Exact_Two_Point_Correlation_Variance": 0.20957453170442628,
    "rel_error": 1.9932968012552476e-06
}