{
    "L": 20,
    "g": 0.964,
    "E_exact": -25.04676835469351,
    "E_vmc_real": -25.047260806225413,
    "Var_E": 0.00035390085745977884,
    "Mean_Two_Point_Correlation": 0.5045,
    "Var_Two_Point_Correlation": 0.17269771875,
    "Exact_Two_Point_Correlation": 0.5026904751940224,
    "Exact_Two_Point_Correlation_Variance": 0.1723536106625843,
    "rel_error": 1.9661280247054763e-05
}