{
    "L": 16,
    "g": 1.014,
    "E_exact": -20.54905263973807,
    "E_vmc_real": -20.549319560711112,
    "Var_E": 0.0003626213606176488,
    "Mean_Two_Point_Correlation": 0.39731201171875,
    "Var_Two_Point_Correlation": 0.22672171759009363,
    "Exact_Two_Point_Correlation": 0.3973475020317946,
    "Exact_Two_Point_Correlation_Variance": 0.22762274652489686,
    "rel_error": 1.2989453953089163e-05
}