{
    "L": 16,
    "g": 1.24,
    "E_exact": -23.230092724334654,
    "E_vmc_real": -23.23031278884475,
    "Var_E": 9.424204257324012e-05,
    "Mean_Two_Point_Correlation": 0.0848736572265625,
    "Var_Two_Point_Correlation": 0.2078100426312536,
    "Exact_Two_Point_Correlation": 0.08584396901890465,
    "Exact_Two_Point_Correlation_Variance": 0.2081431947894396,
    "rel_error": 9.473251472004174e-06
}