{
    "L": 12,
    "g": 1.54,
    "E_exact": -20.487086798835122,
    "E_vmc_real": -20.487072099311774,
    "Var_E": 0.0004113344246077428,
    "Mean_Two_Point_Correlation": 0.037490234375,
    "Var_Two_Point_Correlation": 0.219240098645952,
    "Exact_Two_Point_Correlation": 0.037746619924466346,
    "Exact_Two_Point_Correlation_Variance": 0.2193816277621615,
    "rel_error": 7.175018826350532e-07
}