{
    "L": 12,
    "g": 0.95,
    "E_exact": -14.95410127852542,
    "E_vmc_real": -14.95434609080803,
    "Var_E": 0.00013975060871752594,
    "Mean_Two_Point_Correlation": 0.5501529947916667,
    "Var_Two_Point_Correlation": 0.21776788023842705,
    "Exact_Two_Point_Correlation": 0.5513905717762447,
    "Exact_Two_Point_Correlation_Variance": 0.21649174090078155,
    "rel_error": 1.6370912437437137e-05
}