{
    "L": 12,
    "g": 0.994,
    "E_exact": -15.276833849830899,
    "E_vmc_real": -15.276967529985267,
    "Var_E": 9.80665366357699e-05,
    "Mean_Two_Point_Correlation": 0.47191162109375,
    "Var_Two_Point_Correlation": 0.24679188064403002,
    "Exact_Two_Point_Correlation": 0.47195853046713526,
    "Exact_Two_Point_Correlation_Variance": 0.24582880153767958,
    "rel_error": 8.750514385531563e-06
}