{
    "L": 12,
    "g": 1.014,
    "E_exact": -15.430965916350681,
    "E_vmc_real": -15.430929665090954,
    "Var_E": 7.866005249575824e-05,
    "Mean_Two_Point_Correlation": 0.43855957031250004,
    "Var_Two_Point_Correlation": 0.2552886586692598,
    "Exact_Two_Point_Correlation": 0.4357441209796406,
    "Exact_Two_Point_Correlation_Variance": 0.2562753112599062,
    "rel_error": 2.3492540858366812e-06
}