{
    "L": 12,
    "g": 1.01,
    "E_exact": -15.399777040669468,
    "E_vmc_real": -15.39988096570989,
    "Var_E": 8.156871478685842e-05,
    "Mean_Two_Point_Correlation": 0.44318359375,
    "Var_Two_Point_Correlation": 0.25466740379333497,
    "Exact_Two_Point_Correlation": 0.4429436535816746,
    "Exact_Two_Point_Correlation_Variance": 0.25435226928348964,
    "rel_error": 6.748476951826567e-06
}