{
    "L": 16,
    "g": 0.996,
    "E_exact": -20.363919313760935,
    "E_vmc_real": -20.364128024351842,
    "Var_E": 0.0004201037984269414,
    "Mean_Two_Point_Correlation": 0.44038269042968753,
    "Var_Two_Point_Correlation": 0.21566284793280066,
    "Exact_Two_Point_Correlation": 0.4383433848086641,
    "Exact_Two_Point_Correlation_Variance": 0.2180283126983596,
    "rel_error": 1.0249038394422464e-05
}