{
    "L": 12,
    "g": 0.954,
    "E_exact": -14.98249527094906,
    "E_vmc_real": -14.982619606990061,
    "Var_E": 0.00011256605979265797,
    "Mean_Two_Point_Correlation": 0.5446801757812499,
    "Var_Two_Point_Correlation": 0.2199231697393788,
    "Exact_Two_Point_Correlation": 0.544304855340585,
    "Exact_Two_Point_Correlation_Variance": 0.21944575344362846,
    "rel_error": 8.298753895948369e-06
}