{
    "L": 20,
    "g": 1.02,
    "E_exact": -25.750310097123226,
    "E_vmc_real": -25.75058639725772,
    "Var_E": 0.00022327434286555415,
    "Mean_Two_Point_Correlation": 0.35228076171875,
    "Var_Two_Point_Correlation": 0.20937414382910727,
    "Exact_Two_Point_Correlation": 0.3520616680878398,
    "Exact_Two_Point_Correlation_Variance": 0.20975678662950287,
    "rel_error": 1.072997309362117e-05
}