{
    "L": 16,
    "g": 1.036,
    "E_exact": -20.782467760175653,
    "E_vmc_real": -20.782433516683408,
    "Var_E": 0.0003305248905411628,
    "Mean_Two_Point_Correlation": 0.349097900390625,
    "Var_Two_Point_Correlation": 0.237148905454576,
    "Exact_Two_Point_Correlation": 0.3488211164520556,
    "Exact_Two_Point_Correlation_Variance": 0.23573146165069161,
    "rel_error": 1.6477105914282121e-06
}