{
    "L": 20,
    "g": 0.952,
    "E_exact": -24.905192877281834,
    "E_vmc_real": -24.90509373577923,
    "Var_E": 0.0003078269296435202,
    "Mean_Two_Point_Correlation": 0.5283857421875,
    "Var_Two_Point_Correlation": 0.1633458121404648,
    "Exact_Two_Point_Correlation": 0.5329828849236697,
    "Exact_Two_Point_Correlation_Variance": 0.16142336738442126,
    "rel_error": 3.980756266141571e-06
}