{
    "L": 16,
    "g": 0.964,
    "E_exact": -20.04828656667752,
    "E_vmc_real": -20.048510472312948,
    "Var_E": 0.0004307831417563238,
    "Mean_Two_Point_Correlation": 0.5087823486328125,
    "Var_Two_Point_Correlation": 0.19699730272553861,
    "Exact_Two_Point_Correlation": 0.5109687835317029,
    "Exact_Two_Point_Correlation_Variance": 0.1953394368035124,
    "rel_error": 1.1168317785421132e-05
}